Workbook

Sheet raw data
A1: Response ID | B1: Name | C1: Age Group | D1: Role in Family | E1: Occupation/School Grade | F1: Total Screen Time (hours) | G1: Work/Study (hours) | H1: Entertainment (hours) | I1: Social Media (hours) | J1: Gaming (hours) | K1: Devices Used (comma-separated) | L1: Use Screens After 9 PM? | M1: Screen Time Too Much? | N1: Affected Sleep? | O1: What do you miss?
A2: 1 | B2: aayush | C2: 43405 | D2: Child | E2: 8th Grade | F2: 4 hours | G2: 1 hour | H2: 2 hours | I2: 1 hour | J2: 0 | K2: Mobile, Tablet | L2: Yes | M2: No | N2: No | O2: Playing outside
A3: 2 | C3: 19-30 | D3: Parent | E3: Teacher | F3: 6 | G3: 3 | H3: 1 | I3: 1 | J3: 1 | K3: Laptop, Mobile | L3: No | M3: Yes | N3: Yes | O3: Family time
A4: 3 | B4: prateek | C4: Under 10 | D4: Child | E4: 3rd Grade | F4: 3 hours | G4: 0 | H4: 2 | I4: 0.5 | J4: 0.5 | K4: Tablet, Smart TV | L4: Yes | M4: No | N4: Not Sure | O4: Reading books
A5: 4 | B5: balwan singh | C5: 31-50 | D5: Parent | E5: Engineer | F5: 8 | G5: 5 | H5: 1 | I5: 1 | J5: 1 | K5: Laptop, Mobile | L5: Yes | M5: Yes | N5: Yes | O5: Exercise
A6: 5 | B6: ramkumar | C6: 51+ | D6: Grandparent | E6: Retired | F6: 2 hours | G6: 0 | H6: 1 | I6: 0.5 | J6: 0.5 | K6: Smart TV | L6: No | M6: No | N6: No | O6: Gardening
A7: 6 | B7: nidhi | C7: 43405 | D7: Child | E7: High School | F7: 5 | G7: 2 hour | H7: 1 | I7: 1 | J7: 1 | K7: Mobile, Laptop | L7: Yes | M7: Yes | N7: Yes | O7: Sports
A8: 7 | B8: Jagjeet | C8: 19-30 | D8: Sibling | E8: Student | F8: 7 hours | G8: 4 | H8: 1 | I8: 1 | J8: 1 | K8: Laptop, Tablet | L8: No | M8: No | N8: Not Sure | O8: Socializing in person
A9: 8 | B9: sunita | C9: 31-50 | D9: Parent | E9: Nurse | F9: 6 | G9: 2 | H9: 2 | I9: 1 | J9: 1 | K9: Mobile, Smart TV | L9: Yes | M9: Yes | N9: Yes | O9: Cooking
A10: 9 | B10: Naman | C10: Under 10 | D10: Child | E10: Kindergarten | F10: 2 hours | G10: 0 | H10: 1 | I10: 0.5 | J10: 0.5 | K10: Tablet | L10: No | M10: No | N10: No | O10: Drawing
A11: 10 | B11: Ramsingh | C11: 51+ | D11: Grandparent | E11: Retired | F11: 3 | G11: 0 | H11: 2 | I11: 0.5 | J11: 0.5 | K11: Smart TV, Mobile | L11: Yes | M11: No | N11: Not Sure | O11: Volunteering
A12: 11 | B12: nitin | C12: 43405 | D12: Child | E12: 9th Grade | F12: 6 hours | G12: 3 | H12: 1 | I12: 1 | J12: 1 | K12: Mobile, Laptop | L12: Yes | M12: Yes | N12: Yes | O12: Nature walks
A13: 12 | C13: 19-30 | D13: Other | E13: Freelancer | F13: 9 | G13: 6 hour | H13: 1 | I13: 1 | J13: 1 | K13: Laptop, Mobile, Tablet | L13: Yes | M13: Yes | N13: Yes | O13: Hobbies
A14: 13 | B14: sumeer singh | C14: 31-50 | D14: Parent | E14: Accountant | F14: 7 hours | G14: 4 | H14: 1 | I14: 1 | J14: 1 | K14: Laptop | L14: No | M14: No | N14: No | O14: Reading
A15: 14 | B15: Sanvi | C15: Under 10 | D15: Child | E15: 2nd Grade | F15: 4 | G15: 0 | H15: 2 | I15: 1 | J15: 1 | K15: Tablet, Smart TV | L15: Yes | M15: No | N15: Not Sure | O15: Playing with friends
A16: 15 | C16: 51+ | D16: Grandparent | E16: Retired | F16: 2 | G16: 0 | H16: 1 | I16: 0.5 | J16: 0.5 | K16: Smart TV | L16: No | M16: No | N16: No | O16: Knitting
A17: 16 | B17: yogesh | C17: 43405 | D17: Child | E17: 10th Grade | F17: 5 hours | G17: 2 | H17: 1 | I17: 1 | J17: 1 | K17: Mobile, Laptop | L17: Yes | M17: Yes | N17: Yes | O17: Outdoor games
A18: 17 | B18: Nisha | C18: 19-30 | D18: Sibling | E18: Graduate Student | F18: 8 | G18: 5 hour | H18: 1 | I18: 1 | J18: 1 | K18: Laptop, Mobile | L18: No | M18: Yes | N18: Yes | O18: Meditation
A19: 18 | C19: 31-50 | D19: Parent | E19: Doctor | F19: 6 hours | G19: 3 | H19: 1 | I19: 1 | J19: 1 | K19: Mobile, Tablet | L19: Yes | M19: Yes | N19: Yes | O19: Yoga
A20: 19 | B20: Nikita | C20: Under 10 | D20: Child | E20: 1st Grade | F20: 3 | G20: 0 | H20: 1.5 | I20: 1 | J20: 0.5 | K20: Tablet | L20: No | M20: No | N20: No | O20: Storytelling
A21: 20 | B21: rajveer singh | C21: 51+ | D21: Grandparent | E21: Retired | F21: 4 | G21: 0 | H21: 2 | I21: 1 | J21: 1 | K21: Smart TV, Mobile | L21: Yes | M21: No | N21: Not Sure | O21: Fishing
A22: 21 | B22: poonam | C22: 43405 | D22: Child | E22: 7th Grade | F22: 6 | G22: 2 | H22: 2 | I22: 1 | J22: 1 | K22: Mobile, Laptop | L22: Yes | M22: Yes | N22: Yes | O22: Art classes
A23: 22 | C23: 19-30 | D23: Other | E23: Artist | F23: 7 hours | G23: 4 | H23: 1 | I23: 1 | J23: 1 | K23: Laptop, Tablet | L23: No | M23: No | N23: Not Sure | O23: Traveling
A24: 23 | B24: Deepak | C24: 31-50 | D24: Parent | E24: Manager | F24: 8 | G24: 5 | H24: 1 | I24: 1 | J24: 1 | K24: Laptop, Mobile | L24: Yes | M24: Yes | N24: Yes | O24: Gardening
A25: 24 | B25: Yogita | C25: Under 10 | D25: Child | E25: Preschool | F25: 2 hours | G25: 0 | H25: 1 | I25: 0.5 | J25: 0.5 | K25: Tablet | L25: No | M25: No | N25: No | O25: Singing
A26: 25 | C26: 51+ | D26: Grandparent | E26: Retired | F26: 3 | G26: 0 | H26: 1.5 | I26: 0.5 | J26: 0.5 | K26: Smart TV | L26: No | M26: No | N26: No | O26: Baking
A27: 26 | B27: Sachin | C27: 43405 | D27: Child | E27: 11th Grade | F27: 5 hours | G27: 3 | H27: 1 | I27: 0.5 | J27: 0.5 | K27: Mobile, Laptop | L27: Yes | M27: Yes | N27: Yes | O27: Team sports
A28: 27 | B28: Sahil | C28: 19-30 | D28: Sibling | E28: Intern | F28: 9 | G28: 6 | H28: 1 | I28: 1 | J28: 1 | K28: Laptop, Mobile, Tablet | L28: Yes | M28: Yes | N28: Yes | O28: Writing
A29: 28 | C29: 31-50 | D29: Parent | E29: Teacher | F29: 7 | G29: 4 | H29: 1 | I29: 1 | J29: 1 | K29: Laptop | L29: No | M29: No | N29: No | O29: Photography
A30: 29 | B30: Nikhil | C30: Under 10 | D30: Child | E30: 4th Grade | F30: 4 | G30: 0 | H30: 2 | I30: 1 | J30: 1 | K30: Tablet, Smart TV | L30: Yes | M30: No | N30: Not Sure | O30: Building forts
A31: 30 | B31: Santosh devi | C31: 51+ | D31: Grandparent | E31: Retired | F31: 2 hours | G31: 0 | H31: 1 | I31: 0.5 | J31: 0.5 | K31: Smart TV | L31: No | M31: No | N31: No | O31: Sewing
A32: 31 | B32: Sanju | C32: 43405 | D32: Child | E32: 12th Grade | F32: 6 | G32: 3 | H32: 1 | I32: 1 | J32: 1 | K32: Mobile, Laptop | L32: Yes | M32: Yes | N32: Yes | O32: Music practice

Sheet cleaned data
A1: Response ID | B1: name | C1: Age Group | D1: Role in Family | E1: Occupation/School Grade | F1: Total Screen Time (hours) | G1: Work/Study (hours) | H1: Entertainment (hours) | I1: Social Media (hours) | J1: Gaming (hours) | K1: Mobile | L1: Laptop | M1: Tablet | N1: Smart TV | O1: Use Screens After 9 PM? (1=Yes , 0=No) | P1: Screen Time Too Much? (1=Yes | Q1: Affected Sleep? (1=Yes,0=No,0.5=Not sure) | R1: What Do You Miss?
A2: 1 | B2: ='raw data'!B2 -> aayush | C2: 11-18 | D2: Child | E2: 8th Grade | F2: 4 | G2: 1 | H2: 2 | I2: 1 | J2: 0 | K2: 1 | L2: 0 | M2: 1 | N2: 0 | O2: 1 | P2: 0 | Q2: 0 | R2: Playing outside
A3: 2 | B3: anonymous | C3: 19-30 | D3: Parent | E3: Teacher | F3: 6 | G3: 3 | H3: 1 | I3: 1 | J3: 1 | K3: 1 | L3: 1 | M3: 0 | N3: 0 | O3: 0 | P3: 1 | Q3: 1 | R3: Family time
A4: 3 | B4: ='raw data'!B4 -> prateek | C4: Under 10 | D4: Child | E4: 3rd Grade | F4: 3 | G4: 0 | H4: 2 | I4: 0.5 | J4: 0.5 | K4: 0 | L4: 0 | M4: 1 | N4: 1 | O4: 1 | P4: 0 | Q4: 0.5 | R4: Reading books
A5: 4 | B5: ='raw data'!B5 -> balwan singh | C5: 31-50 | D5: Parent | E5: Engineer | F5: 8 | G5: 5 | H5: 1 | I5: 1 | J5: 1 | K5: 1 | L5: 1 | M5: 0 | N5: 0 | O5: 1 | P5: 1 | Q5: 1 | R5: Exercise
A6: 5 | B6: ='raw data'!B6 -> ramkumar | C6: 51+ | D6: Grandparent | E6: Retired | F6: 2 | G6: 0 | H6: 1 | I6: 0.5 | J6: 0.5 | K6: 0 | L6: 0 | M6: 0 | N6: 1 | O6: 0 | P6: 0 | Q6: 0 | R6: Gardening
A7: 6 | B7: ='raw data'!B7 -> nidhi | C7: 11-18 | D7: Child | E7: High School | F7: 5 | G7: 2 | H7: 1 | I7: 1 | J7: 1 | K7: 1 | L7: 1 | M7: 0 | N7: 0 | O7: 1 | P7: 1 | Q7: 1 | R7: Sports
A8: 7 | B8: ='raw data'!B8 -> Jagjeet | C8: 19-30 | D8: Sibling | E8: Student | F8: 7 | G8: 4 | H8: 1 | I8: 1 | J8: 1 | K8: 0 | L8: 1 | M8: 1 | N8: 0 | O8: 0 | P8: 0 | Q8: 0.5 | R8: Socializing in person
A9: 8 | B9: ='raw data'!B9 -> sunita | C9: 31-50 | D9: Parent | E9: Nurse | F9: 6 | G9: 2 | H9: 2 | I9: 1 | J9: 1 | K9: 1 | L9: 0 | M9: 0 | N9: 1 | O9: 1 | P9: 1 | Q9: 1 | R9: Cooking
A10: 9 | B10: ='raw data'!B10 -> Naman | C10: Under 10 | D10: Child | E10: Kindergarten | F10: 2 | G10: 0 | H10: 1 | I10: 0.5 | J10: 0.5 | K10: 0 | L10: 0 | M10: 1 | N10: 0 | O10: 0 | P10: 0 | Q10: 0 | R10: Drawing
A11: 10 | B11: ='raw data'!B11 -> Ramsingh | C11: 51+ | D11: Grandparent | E11: Retired | F11: 3 | G11: 0 | H11: 2 | I11: 0.5 | J11: 0.5 | K11: 1 | L11: 0 | M11: 0 | N11: 1 | O11: 1 | P11: 0 | Q11: 0.5 | R11: Volunteering
A12: 11 | B12: ='raw data'!B12 -> nitin | C12: 11-18 | D12: Child | E12: 9th Grade | F12: 6 | G12: 3 | H12: 1 | I12: 1 | J12: 1 | K12: 1 | L12: 1 | M12: 0 | N12: 0 | O12: 1 | P12: 1 | Q12: 1 | R12: Nature walks
A13: 12 | B13: anonymous | C13: 19-30 | D13: Other | E13: Freelancer | F13: 9 | G13: 6 | H13: 1 | I13: 1 | J13: 1 | K13: 1 | L13: 1 | M13: 1 | N13: 0 | O13: 1 | P13: 1 | Q13: 1 | R13: Hobbies
A14: 13 | B14: ='raw data'!B14 -> sumeer singh | C14: 31-50 | D14: Parent | E14: Accountant | F14: 7 | G14: 4 | H14: 1 | I14: 1 | J14: 1 | K14: 0 | L14: 1 | M14: 0 | N14: 0 | O14: 0 | P14: 0 | Q14: 0 | R14: Reading
A15: 14 | B15: ='raw data'!B15 -> Sanvi | C15: Under 10 | D15: Child | E15: 2nd Grade | F15: 4 | G15: 0 | H15: 2 | I15: 1 | J15: 1 | K15: 0 | L15: 0 | M15: 1 | N15: 1 | O15: 1 | P15: 0 | Q15: 0.5 | R15: Playing with friends
A16: 15 | B16: anonymous | C16: 51+ | D16: Grandparent | E16: Retired | F16: 2 | G16: 0 | H16: 1 | I16: 0.5 | J16: 0.5 | K16: 0 | L16: 0 | M16: 0 | N16: 1 | O16: 0 | P16: 0 | Q16: 0 | R16: Knitting
A17: 16 | B17: ='raw data'!B17 -> yogesh | C17: 11-18 | D17: Child | E17: 10th Grade | F17: 5 | G17: 2 | H17: 1 | I17: 1 | J17: 1 | K17: 1 | L17: 1 | M17: 0 | N17: 0 | O17: 1 | P17: 1 | Q17: 1 | R17: Outdoor games
A18: 17 | B18: ='raw data'!B18 -> Nisha | C18: 19-30 | D18: Sibling | E18: Graduate Student | F18: 8 | G18: 5 | H18: 1 | I18: 1 | J18: 1 | K18: 1 | L18: 1 | M18: 0 | N18: 0 | O18: 0 | P18: 1 | Q18: 1 | R18: Meditation
A19: 18 | B19: anonymous | C19: 31-50 | D19: Parent | E19: Doctor | F19: 6 | G19: 3 | H19: 1 | I19: 1 | J19: 1 | K19: 1 | L19: 0 | M19: 1 | N19: 0 | O19: 1 | P19: 1 | Q19: 1 | R19: Yoga
A20: 19 | B20: ='raw data'!B20 -> Nikita | C20: Under 10 | D20: Child | E20: 1st Grade | F20: 3 | G20: 0 | H20: 1.5 | I20: 1 | J20: 0.5 | K20: 0 | L20: 0 | M20: 1 | N20: 0 | O20: 0 | P20: 0 | Q20: 0 | R20: Storytelling
A21: 20 | B21: ='raw data'!B21 -> rajveer singh | C21: 51+ | D21: Grandparent | E21: Retired | F21: 4 | G21: 0 | H21: 2 | I21: 1 | J21: 1 | K21: 1 | L21: 0 | M21: 0 | N21: 1 | O21: 1 | P21: 0 | Q21: 0.5 | R21: Fishing
A22: 21 | B22: ='raw data'!B22 -> poonam | C22: 11-18 | D22: Child | E22: 7th Grade | F22: 6 | G22: 2 | H22: 2 | I22: 1 | J22: 1 | K22: 1 | L22: 1 | M22: 0 | N22: 0 | O22: 1 | P22: 1 | Q22: 1 | R22: Art classes
A23: 22 | B23: anonymous | C23: 19-30 | D23: Other | E23: Artist | F23: 7 | G23: 4 | H23: 1 | I23: 1 | J23: 1 | K23: 0 | L23: 1 | M23: 1 | N23: 0 | O23: 0 | P23: 0 | Q23: 0.5 | R23: Traveling
A24: 23 | B24: ='raw data'!B24 -> Deepak | C24: 31-50 | D24: Parent | E24: Manager | F24: 8 | G24: 5 | H24: 1 | I24: 1 | J24: 1 | K24: 1 | L24: 1 | M24: 0 | N24: 0 | O24: 1 | P24: 1 | Q24: 1 | R24: Gardening
A25: 24 | B25: ='raw data'!B25 -> Yogita | C25: Under 10 | D25: Child | E25: Preschool | F25: 2 | G25: 0 | H25: 1 | I25: 0.5 | J25: 0.5 | K25: 0 | L25: 0 | M25: 1 | N25: 0 | O25: 0 | P25: 0 | Q25: 0 | R25: Singing
A26: 25 | B26: anonymous | C26: 51+ | D26: Grandparent | E26: Retired | F26: 3 | G26: 0 | H26: 1.5 | I26: 0.5 | J26: 0.5 | K26: 0 | L26: 0 | M26: 0 | N26: 1 | O26: 0 | P26: 0 | Q26: 0 | R26: Baking
A27: 26 | B27: ='raw data'!B27 -> Sachin | C27: 11-18 | D27: Child | E27: 11th Grade | F27: 5 | G27: 3 | H27: 1 | I27: 0.5 | J27: 0.5 | K27: 1 | L27: 1 | M27: 0 | N27: 0 | O27: 1 | P27: 1 | Q27: 1 | R27: Team sports
A28: 27 | B28: ='raw data'!B28 -> Sahil | C28: 19-30 | D28: Sibling | E28: Intern | F28: 9 | G28: 6 | H28: 1 | I28: 1 | J28: 1 | K28: 1 | L28: 1 | M28: 1 | N28: 0 | O28: 1 | P28: 1 | Q28: 1 | R28: Writing
A29: 28 | B29: anonymous | C29: 31-50 | D29: Parent | E29: Teacher | F29: 7 | G29: 4 | H29: 1 | I29: 1 | J29: 1 | K29: 0 | L29: 1 | M29: 0 | N29: 0 | O29: 0 | P29: 0 | Q29: 0 | R29: Photography
A30: 29 | B30: ='raw data'!B30 -> Nikhil | C30: Under 10 | D30: Child | E30: 4th Grade | F30: 4 | G30: 0 | H30: 2 | I30: 1 | J30: 1 | K30: 0 | L30: 0 | M30: 1 | N30: 1 | O30: 1 | P30: 0 | Q30: 0.5 | R30: Building forts
A31: 30 | B31: ='raw data'!B31 -> Santosh devi | C31: 51+ | D31: Grandparent | E31: Retired | F31: 2 | G31: 0 | H31: 1 | I31: 0.5 | J31: 0.5 | K31: 0 | L31: 0 | M31: 0 | N31: 1 | O31: 0 | P31: 0 | Q31: 0 | R31: Sewing
A32: 31 | B32: ='raw data'!B32 -> Sanju | C32: 11-18 | D32: Child | E32: 12th Grade | F32: 6 | G32: 3 | H32: 1 | I32: 1 | J32: 1 | K32: 1 | L32: 1 | M32: 0 | N32: 0 | O32: 1 | P32: 1 | Q32: 1 | R32: Music practice
A38: DEVICES | B38: TOTAL HOURS | D38: AGE GROUP | E38: TOTAL SCREEN TIME | G38: ACTIVITY | H38: TOTAL SCREEN TIME
A39: Mobile | B39: =SUM(_cleaned_data[Mobile]) -> 17 | D39: UNDER 10 | E39: =SUMIF(_cleaned_data[Age Group],"UNDER 10",_cleaned_data[Total Screen Time (hours)]) -> 18 | G39: WORK/STUDY | H39: =SUM(_cleaned_data[Work/Study (hours)]) -> 67
A40: Laptop | B40: =SUM(_cleaned_data[Laptop]) -> 16 | D40: 11-18 | E40: =SUMIF(_cleaned_data[Age Group],"11-18",_cleaned_data[Total Screen Time (hours)]) -> 37 | G40: ENTERTAINMENT | H40: =SUM(_cleaned_data[Entertainment (hours)]) -> 40
A41: Tablet | B41: =SUM(_cleaned_data[Tablet]) -> 12 | D41: 19-30 | E41: =SUMIF(_cleaned_data[Age Group],"19-30",_cleaned_data[Total Screen Time (hours)]) -> 46
A42: Smart Tv | B42: =SUM(_cleaned_data[Smart TV]) -> 10 | D42: 31-50 | E42: =SUMIF(_cleaned_data[Age Group],"31-50",_cleaned_data[Total Screen Time (hours)]) -> 42
D43: 51+ | E43: =SUMIF(_cleaned_data[Age Group],"51+",_cleaned_data[Total Screen Time (hours)]) -> 16

Sheet analysis sheet
A1: Metric | B1: Under 10 | C1: 11-18 | D1: 19-30 | E1: 31-50 | F1: 51+ | G1: Overall
A2: Average Screen Time (hours) | B2: =AVERAGEIFS('cleaned data'!$F$2:$F$32,'cleaned data'!$C$2:$C$32,B1) -> 3 | C2: =AVERAGEIFS('cleaned data'!$F$2:$F$32,'cleaned data'!$C$2:$C$32,C1) -> 5.2857143 | D2: =AVERAGEIFS('cleaned data'!$F$2:$F$32,'cleaned data'!$C$2:$C$32,D1) -> 7.6666667 | E2: =AVERAGEIFS('cleaned data'!$F$2:$F$32,'cleaned data'!$C$2:$C$32,E1) -> 7 | F2: =AVERAGEIFS('cleaned data'!$F$2:$F$32,'cleaned data'!$C$2:$C$32,F1) -> 2.6666667 | G2: =AVERAGE(B2:F2) -> 5.1238095
A3: Average Work/Study (hours) | B3: =AVERAGEIFS('cleaned data'!$G$2:$G$32,'cleaned data'!$C$2:$C$32,B1) -> 0 | C3: =AVERAGEIFS('cleaned data'!$G$2:$G$32,'cleaned data'!$C$2:$C$32,C1) -> 2.2857143 | D3: =AVERAGEIFS('cleaned data'!$G$2:$G$32,'cleaned data'!$C$2:$C$32,D1) -> 4.6666667 | E3: =AVERAGEIFS('cleaned data'!$G$2:$G$32,'cleaned data'!$C$2:$C$32,E1) -> 3.8333333 | F3: =AVERAGEIFS('cleaned data'!$G$2:$G$32,'cleaned data'!$C$2:$C$32,F1) -> 0 | G3: =AVERAGE(B3:F3) -> 2.1571429
A4: Average Entertainment (hours) | B4: =AVERAGEIFS('cleaned data'!$H$2:$H$32,'cleaned data'!$C$2:$C$32,B1) -> 1.5833333 | C4: =AVERAGEIFS('cleaned data'!$H$2:$H$32,'cleaned data'!$C$2:$C$32,C1) -> 1.2857143 | D4: =AVERAGEIFS('cleaned data'!$H$2:$H$32,'cleaned data'!$C$2:$C$32,D1) -> 1 | E4: =AVERAGEIFS('cleaned data'!$H$2:$H$32,'cleaned data'!$C$2:$C$32,E1) -> 1.1666667 | F4: =AVERAGEIFS('cleaned data'!$H$2:$H$32,'cleaned data'!$C$2:$C$32,F1) -> 1.4166667 | G4: =AVERAGE(B4:F4) -> 1.2904762
A5: Count Using Screens After 9 PM | B5: =COUNTIFS('cleaned data'!$O$2:$O$32,"1",'cleaned data'!$C$2:$C$32,B1) -> 3 | C5: =COUNTIFS('cleaned data'!$O$2:$O$32,"1",'cleaned data'!$C$2:$C$32,C1) -> 7 | D5: =COUNTIFS('cleaned data'!$O$2:$O$32,"1",'cleaned data'!$C$2:$C$32,D1) -> 2 | E5: =COUNTIFS('cleaned data'!$O$2:$O$32,"1",'cleaned data'!$C$2:$C$32,E1) -> 4 | F5: =COUNTIFS('cleaned data'!$O$2:$O$32,"1",'cleaned data'!$C$2:$C$32,F1) -> 2 | G5: =AVERAGE(B5:F5) -> 3.6
A6: Count Feeling Screen Time Affects Sleep | B6: =COUNTIFS('cleaned data'!$Q$2:$Q$32,"1",'cleaned data'!$C$2:$C$32,B1) -> 0 | C6: =COUNTIFS('cleaned data'!$Q$2:$Q$32,"1",'cleaned data'!$C$2:$C$32,C1) -> 6 | D6: =COUNTIFS('cleaned data'!$Q$2:$Q$32,"1",'cleaned data'!$C$2:$C$32,D1) -> 4 | E6: =COUNTIFS('cleaned data'!$Q$2:$Q$32,"1",'cleaned data'!$C$2:$C$32,E1) -> 4 | F6: =COUNTIFS('cleaned data'!$Q$2:$Q$32,"1",'cleaned data'!$C$2:$C$32,F1) -> 0 | G6: =AVERAGE(B6:F6) -> 2.8
